ideal_V0	real_V0		ideal_Vf	real_Vf		V_sent		est_vel
6.537622	6.531207	4.136724	4.136724	4.600000	4.593485
6.537622	6.531581	4.136724	4.136724	4.600000	4.593594
