V0	Vf	V_sent
-6.700000	-7.000000	-7.000000	0.000000
