V0	Vf	V_sent	D	dt	triple_id
-6.662963	-6.968407	-7.000000	1086.093832	0.163664	0.000000
