V0	Vf	V_sent	D	dt	triple_id
0.049883	0.011716	0.000000	61.967748	0.008085	0.000000
