V0	Vf	V_sent
0.000000	-0.500000	-0.500000
-0.500000	0.000000	0.000000
0.500000	0.000000	0.000000
0.000000	0.500000	0.500000
