V0	Vf	V_sent	D	dt
0.000000	-0.471694	-0.500000	46.762963	0.199997
-0.431597	0.053162	0.000000	72.446298	0.259001
0.504961	0.029828	0.000000	56.934707	0.161000
0.043966	0.462886	0.500000	36.724718	0.170004
